{"cameraMode":{"drawMode":0,"name":"Shaded","section":"Shading Mode"},"sceneLighting":true,"audioPlay":false,"sceneViewState":{"m_AlwaysRefresh":false,"showFog":true,"showSkybox":true,"showFlares":true,"showImageEffects":true,"showParticleSystems":true,"showVisualEffectGraphs":true,"m_FxEnabled":true},"in2DMode":false,"pivot":{"x":805.0222778320313,"y":491.35467529296877,"z":8.45672607421875},"rotation":{"x":0.027876900508999826,"y":0.035978127270936969,"z":-0.0010041724890470505,"w":0.9989649057388306},"size":512.5286865234375,"orthographic":false}