{"cameraMode":{"drawMode":0,"name":"Shaded","section":"Shading Mode"},"sceneLighting":false,"audioPlay":false,"sceneViewState":{"m_AlwaysRefresh":false,"showFog":true,"showSkybox":false,"showFlares":true,"showImageEffects":true,"showParticleSystems":true,"showVisualEffectGraphs":true,"m_FxEnabled":true},"in2DMode":false,"pivot":{"x":0.4135117530822754,"y":1.693439245223999,"z":0.37769120931625368},"rotation":{"x":0.07371246069669724,"y":-0.8800928592681885,"z":0.1451401263475418,"w":0.44620442390441897},"size":2.851792573928833,"orthographic":true}