{"cameraMode":{"drawMode":0,"name":"Shaded","section":"Shading Mode"},"sceneLighting":false,"audioPlay":false,"sceneViewState":{"m_AlwaysRefresh":false,"showFog":true,"showSkybox":false,"showFlares":true,"showImageEffects":true,"showParticleSystems":true,"showVisualEffectGraphs":true,"m_FxEnabled":true},"in2DMode":false,"pivot":{"x":4.504189491271973,"y":2.252640724182129,"z":-6.739765167236328},"rotation":{"x":0.10253995656967163,"y":0.34373992681503298,"z":-0.037789855152368548,"w":0.9326892495155335},"size":3.3871712684631349,"orthographic":true}