{"cameraMode":{"drawMode":0,"name":"Shaded","section":"Shading Mode"},"sceneLighting":false,"audioPlay":false,"sceneViewState":{"m_AlwaysRefresh":false,"showFog":true,"showSkybox":false,"showFlares":true,"showImageEffects":true,"showParticleSystems":true,"showVisualEffectGraphs":true,"m_FxEnabled":true},"in2DMode":false,"pivot":{"x":-0.6180602312088013,"y":0.7465213537216187,"z":0.6969748735427856},"rotation":{"x":0.08465178310871124,"y":-0.058256324380636218,"z":0.004957603290677071,"w":0.994696319103241},"size":2.2799863815307619,"orthographic":false}